,qwk,mse,pearson,n
holistic,0.4057971014492754,9.78549495090909,0.4659402187176282,11.0
content,0.5301204819277108,5.787074075,0.5436515377539316,12.0
language,0.4,8.964762627272728,0.37843297696519046,11.0
adherence,0.439918533604888,5.934459597272727,0.4831560213767607,11.0
narrativity,0.3911439114391144,8.775353536363637,0.37128446259108994,11.0
