,qwk,mse,pearson,n
holistic,0.740909090909091,4.572925000625,0.713224755362476,16.0
content,0.4110929853181077,9.749996491578946,0.5389798051151513,19.0
language,0.4611872146118722,12.398196296666669,0.7609053992079274,18.0
adherence,0.38267148014440433,16.955267901666666,0.6127163663252894,18.0
narrativity,0.5276595744680852,8.217607407777779,0.7059864237242798,18.0
